Year,Event,Description
1990,Archie,"The first search engine, Archie, was created to index FTP archives, allowing users to find specific files."
1991,World Wide Web Virtual Library,"Tim Berners-Lee developed the World Wide Web Virtual Library, an early attempt to organize web information."
1993,JumpStation,"Introduced as the first search engine to index web pages' titles and headers, allowing linear search of websites."
1994,Yahoo! Search,"Founded by David Filo and Jerry Yang, Yahoo! began as a directory of websites with human-edited descriptions."
1994,WebCrawler,"Launched as the first search engine to index entire web pages, enabling full-text search capabilities."
1995,AltaVista,"Known for its advanced search capabilities and fast performance, AltaVista became a prominent search engine."
1996,BackRub,"Developed by Larry Page and Sergey Brin, BackRub utilized backlinks to rank websites, laying the foundation for Google."
1997,Ask Jeeves,"Introduced a question-and-answer format, allowing users to search using natural language queries."
1998,Google,"Officially launched by Larry Page and Sergey Brin, Google introduced the PageRank algorithm, revolutionizing search relevance."
1999,AlltheWeb,"Launched by Fast Search & Transfer, AlltheWeb offered a comprehensive search engine with advanced features."
2000,Baidu,"Founded by Robin Li, Baidu became a leading search engine in China, offering search services in Chinese language."
2001,Inktomi Acquisition,"Yahoo! acquired Inktomi, enhancing its search capabilities and moving towards providing its own search results."
2003,Overture Acquisition,"Yahoo! acquired Overture Services, which had previously purchased AlltheWeb and AltaVista, consolidating search technologies."
2004,MSN Search,"Microsoft launched MSN Search, utilizing its own web crawler and search engine technology."
2005,Introduction of Nofollow,"Google, Yahoo!, and Microsoft collectively introduced the 'nofollow' attribute to combat link spam."
2006,Ask.com,"Ask Jeeves rebranded to Ask.com, shifting focus from a butler-themed interface to a more standard search engine format."
2007,Universal Search,"Google introduced Universal Search, blending results from various sources like news, images, and videos into a single set of results."
2008,Google Suggest,"Launched by Google, this feature provided real-time search suggestions as users typed their queries."
2009,Bing,"Microsoft rebranded its search engine as Bing, introducing features like search suggestions and a focus on decision-making."
2010,Google Caffeine,"Google updated its indexing system to provide 50% fresher results, emphasizing real-time information."
2011,Schema.org,"Google, Yahoo!, and Microsoft collaborated to create Schema.org, a structured data markup to improve search result display."
2011,Google Panda,"An algorithm update aimed at reducing the ranking of low-quality sites and improving user experience."
2012,Google Penguin,"Focused on decreasing search engine rankings of websites violating Google's Webmaster Guidelines through black-hat SEO techniques."
2013,Google Hummingbird,"A significant algorithm overhaul enabling better understanding of search queries and user intent."
2014,HTTPS as a Ranking Signal,"Google announced that HTTPS would be used as a ranking signal, encouraging secure connections across the web."
2015,Mobilegeddon,"Google's algorithm update prioritized mobile-friendly websites, reflecting the growing importance of mobile search."
2015,RankBrain,"Google incorporated RankBrain, a machine learning-based component to better interpret search queries."
2016,Google Assistant,"Launched as an AI-powered virtual assistant, integrating voice search and conversational interaction."
2017,Google Lens,"Introduced as a visual search tool, allowing users to search using their device's camera and receive information about objects in real-time."
2018,Google BERT,"A natural language processing update enabling Google to better understand the context of words in search queries."
2019,Mobile-First Indexing,"Google began indexing the mobile version of websites first, acknowledging the predominance of mobile users."
2020,Core Web Vitals,"Google introduced metrics to measure user experience aspects like loading speed, interactivity, and visual stability."
2021,Google MUM,"The Multitask Unified Model (MUM) was introduced to understand complex queries and provide comprehensive answers."
2022,Page Experience Update,"Google's algorithm update incorporated Core Web Vitals and other user experience factors into search rankings."
2023,AI Integration in Search,"Google and other search engines began integrating advanced AI models to provide more personalized and contextually relevant search results."
2024,Antitrust Ruling Against Google,"A U.S. federal court ruled that Google violated antitrust laws by maintaining its monopoly in the search engine market."
2025,AI-Powered Search Competition,"Emerging AI-driven search engines, such as OpenAI's ChatGPT, began challenging traditional search engine dominance."
